Method,Job,AnalyzeLaunchVariance,EvaluateOverhead,MaxAbsoluteError,MaxRelativeError,MinInvokeCount,MinIterationTime,OutlierMode,Affinity,EnvironmentVariables,Jit,LargeAddressAware,Platform,PowerPlanMode,Runtime,AllowVeryLargeObjects,Concurrent,CpuGroups,Force,HeapAffinitizeMask,HeapCount,NoAffinitize,RetainVm,Server,Arguments,BuildConfiguration,Clock,EngineFactory,NuGetReferences,Toolchain,IsMutator,InvocationCount,IterationCount,IterationTime,LaunchCount,MaxIterationCount,MaxWarmupIterationCount,MemoryRandomization,MinIterationCount,MinWarmupIterationCount,RunStrategy,UnrollFactor,WarmupCount,Length,Mean,Error,StdDev,Ratio,RatioSD,Allocated,Alloc Ratio
Slice,ShortRun,False,Default,Default,Default,Default,Default,Default,11111111111111111111,Empty,RyuJit,Default,X64,8c5e7fda-e8bf-4a96-9a85-a6e23a8c635c,.NET 8.0,False,True,False,True,Default,Default,False,False,True,Default,Default,Default,Default,Default,Default,Default,Default,3,Default,1,Default,Default,Default,Default,Default,Default,16,3,10,0.1840 ns,0.0061 ns,0.0003 ns,baseline,,0 B,NA
Range,ShortRun,False,Default,Default,Default,Default,Default,Default,11111111111111111111,Empty,RyuJit,Default,X64,8c5e7fda-e8bf-4a96-9a85-a6e23a8c635c,.NET 8.0,False,True,False,True,Default,Default,False,False,True,Default,Default,Default,Default,Default,Default,Default,Default,3,Default,1,Default,Default,Default,Default,Default,Default,16,3,10,0.1849 ns,0.0182 ns,0.0010 ns,1.01x slower,0.00x,0 B,NA
SliceEnd,ShortRun,False,Default,Default,Default,Default,Default,Default,11111111111111111111,Empty,RyuJit,Default,X64,8c5e7fda-e8bf-4a96-9a85-a6e23a8c635c,.NET 8.0,False,True,False,True,Default,Default,False,False,True,Default,Default,Default,Default,Default,Default,Default,Default,3,Default,1,Default,Default,Default,Default,Default,Default,16,3,10,0.0181 ns,0.0832 ns,0.0046 ns,10.58x faster,2.02x,0 B,NA
RangeEnd,ShortRun,False,Default,Default,Default,Default,Default,Default,11111111111111111111,Empty,RyuJit,Default,X64,8c5e7fda-e8bf-4a96-9a85-a6e23a8c635c,.NET 8.0,False,True,False,True,Default,Default,False,False,True,Default,Default,Default,Default,Default,Default,Default,Default,3,Default,1,Default,Default,Default,Default,Default,Default,16,3,10,0.3602 ns,0.1470 ns,0.0081 ns,1.96x slower,0.04x,0 B,NA
Slice,ShortRun,False,Default,Default,Default,Default,Default,Default,11111111111111111111,Empty,RyuJit,Default,X64,8c5e7fda-e8bf-4a96-9a85-a6e23a8c635c,.NET 8.0,False,True,False,True,Default,Default,False,False,True,Default,Default,Default,Default,Default,Default,Default,Default,3,Default,1,Default,Default,Default,Default,Default,Default,16,3,100,0.1844 ns,0.0692 ns,0.0038 ns,baseline,,0 B,NA
Range,ShortRun,False,Default,Default,Default,Default,Default,Default,11111111111111111111,Empty,RyuJit,Default,X64,8c5e7fda-e8bf-4a96-9a85-a6e23a8c635c,.NET 8.0,False,True,False,True,Default,Default,False,False,True,Default,Default,Default,Default,Default,Default,Default,Default,3,Default,1,Default,Default,Default,Default,Default,Default,16,3,100,0.1818 ns,0.0413 ns,0.0023 ns,1.01x faster,0.02x,0 B,NA
SliceEnd,ShortRun,False,Default,Default,Default,Default,Default,Default,11111111111111111111,Empty,RyuJit,Default,X64,8c5e7fda-e8bf-4a96-9a85-a6e23a8c635c,.NET 8.0,False,True,False,True,Default,Default,False,False,True,Default,Default,Default,Default,Default,Default,Default,Default,3,Default,1,Default,Default,Default,Default,Default,Default,16,3,100,0.0051 ns,0.0225 ns,0.0012 ns,37.36x faster,7.10x,0 B,NA
RangeEnd,ShortRun,False,Default,Default,Default,Default,Default,Default,11111111111111111111,Empty,RyuJit,Default,X64,8c5e7fda-e8bf-4a96-9a85-a6e23a8c635c,.NET 8.0,False,True,False,True,Default,Default,False,False,True,Default,Default,Default,Default,Default,Default,Default,Default,3,Default,1,Default,Default,Default,Default,Default,Default,16,3,100,0.3679 ns,0.1026 ns,0.0056 ns,2.00x slower,0.04x,0 B,NA
Slice,ShortRun,False,Default,Default,Default,Default,Default,Default,11111111111111111111,Empty,RyuJit,Default,X64,8c5e7fda-e8bf-4a96-9a85-a6e23a8c635c,.NET 8.0,False,True,False,True,Default,Default,False,False,True,Default,Default,Default,Default,Default,Default,Default,Default,3,Default,1,Default,Default,Default,Default,Default,Default,16,3,1000,0.1854 ns,0.0766 ns,0.0042 ns,baseline,,0 B,NA
Range,ShortRun,False,Default,Default,Default,Default,Default,Default,11111111111111111111,Empty,RyuJit,Default,X64,8c5e7fda-e8bf-4a96-9a85-a6e23a8c635c,.NET 8.0,False,True,False,True,Default,Default,False,False,True,Default,Default,Default,Default,Default,Default,Default,Default,3,Default,1,Default,Default,Default,Default,Default,Default,16,3,1000,0.1831 ns,0.0954 ns,0.0052 ns,1.01x faster,0.03x,0 B,NA
SliceEnd,ShortRun,False,Default,Default,Default,Default,Default,Default,11111111111111111111,Empty,RyuJit,Default,X64,8c5e7fda-e8bf-4a96-9a85-a6e23a8c635c,.NET 8.0,False,True,False,True,Default,Default,False,False,True,Default,Default,Default,Default,Default,Default,Default,Default,3,Default,1,Default,Default,Default,Default,Default,Default,16,3,1000,0.3167 ns,6.2099 ns,0.3404 ns,1.71x slower,1.59x,0 B,NA
RangeEnd,ShortRun,False,Default,Default,Default,Default,Default,Default,11111111111111111111,Empty,RyuJit,Default,X64,8c5e7fda-e8bf-4a96-9a85-a6e23a8c635c,.NET 8.0,False,True,False,True,Default,Default,False,False,True,Default,Default,Default,Default,Default,Default,Default,Default,3,Default,1,Default,Default,Default,Default,Default,Default,16,3,1000,0.3457 ns,0.0081 ns,0.0004 ns,1.87x slower,0.04x,0 B,NA
